<?xml version="1.0" encoding="UTF-8"?>
<project-private xmlns="http://www.netbeans.org/ns/project-private/1">
    <editor-bookmarks xmlns="http://www.netbeans.org/ns/editor-bookmarks/2" lastBookmarkId="0"/>
    <open-files xmlns="http://www.netbeans.org/ns/projectui-open-files/2">
        <group>
            <file>file:/C:/Users/eduar/OneDrive/Escritorio/RMI/CalCulator_RMI_GUI/src/Calc_RMI_GUI/Server_RMI.java</file>
            <file>file:/C:/Users/eduar/OneDrive/Escritorio/RMI/CalCulator_RMI_GUI/src/Calc_RMI_GUI/Client_Page.java</file>
            <file>file:/C:/Users/eduar/OneDrive/Escritorio/RMI/CalCulator_RMI_GUI/src/Calc_RMI_GUI/Calculator_Interface.java</file>
            <file>file:/C:/Users/eduar/OneDrive/Escritorio/RMI/CalCulator_RMI_GUI/src/Calc_RMI_GUI/Calc_Interface_Impliment.java</file>
            <file>file:/C:/Users/eduar/OneDrive/Escritorio/RMI/CalCulator_RMI_GUI/src/calculator_rmi_gui/CalCulator_RMI_GUI.java</file>
        </group>
    </open-files>
</project-private>
